{
  "formatVersion": 1,
  "database": {
    "version": 1,
    "identityHash": "8405261aed9ef0597f1f23568f5f4ae6",
    "entities": [
      {
        "tableName": "user_account",
        "createSql": "CREATE TABLE IF NOT EXISTS `${TABLE_NAME}` (`account_id` INTEGER PRIMARY KEY AUTOINCREMENT, `account_name` TEXT, `account_number` TEXT, `account_balance` REAL)",
        "fields": [
          {
            "fieldPath": "id",
            "columnName": "account_id",
            "affinity": "INTEGER",
            "notNull": false
          },
          {
            "fieldPath": "accountOwner",
            "columnName": "account_name",
            "affinity": "TEXT",
            "notNull": false
          },
          {
            "fieldPath": "accountNumber",
            "columnName": "account_number",
            "affinity": "TEXT",
            "notNull": false
          },
          {
            "fieldPath": "balance",
            "columnName": "account_balance",
            "affinity": "REAL",
            "notNull": false
          }
        ],
        "primaryKey": {
          "autoGenerate": true,
          "columnNames": [
            "account_id"
          ]
        },
        "indices": [],
        "foreignKeys": []
      },
      {
        "tableName": "transaction",
        "createSql": "CREATE TABLE IF NOT EXISTS `${TABLE_NAME}` (`transaction_id` INTEGER PRIMARY KEY AUTOINCREMENT, `transaction_number` TEXT, `transaction_name` TEXT, `transaction_amount` REAL, `transaction_source` INTEGER, `transaction_code` INTEGER, `transaction_destination` TEXT, `transaction_time` INTEGER, `transaction_status` INTEGER)",
        "fields": [
          {
            "fieldPath": "id",
            "columnName": "transaction_id",
            "affinity": "INTEGER",
            "notNull": false
          },
          {
            "fieldPath": "transactionNumber",
            "columnName": "transaction_number",
            "affinity": "TEXT",
            "notNull": false
          },
          {
            "fieldPath": "transactionName",
            "columnName": "transaction_name",
            "affinity": "TEXT",
            "notNull": false
          },
          {
            "fieldPath": "transactionAmount",
            "columnName": "transaction_amount",
            "affinity": "REAL",
            "notNull": false
          },
          {
            "fieldPath": "transactionSource",
            "columnName": "transaction_source",
            "affinity": "INTEGER",
            "notNull": false
          },
          {
            "fieldPath": "transactionCode",
            "columnName": "transaction_code",
            "affinity": "INTEGER",
            "notNull": false
          },
          {
            "fieldPath": "transactionDestination",
            "columnName": "transaction_destination",
            "affinity": "TEXT",
            "notNull": false
          },
          {
            "fieldPath": "transactionTime",
            "columnName": "transaction_time",
            "affinity": "INTEGER",
            "notNull": false
          },
          {
            "fieldPath": "transactionStatus",
            "columnName": "transaction_status",
            "affinity": "INTEGER",
            "notNull": false
          }
        ],
        "primaryKey": {
          "autoGenerate": true,
          "columnNames": [
            "transaction_id"
          ]
        },
        "indices": [],
        "foreignKeys": []
      }
    ],
    "views": [],
    "setupQueries": [
      "CREATE TABLE IF NOT EXISTS room_master_table (id INTEGER PRIMARY KEY,identity_hash TEXT)",
      "INSERT OR REPLACE INTO room_master_table (id,identity_hash) VALUES(42, '8405261aed9ef0597f1f23568f5f4ae6')"
    ]
  }
}